,URL
721,https://hamrobazaar.com/for-sale-house/flat-system-house-at-satungal-in-kathmandu/3ec7bb6b3bc3422dbcffc2c012815c7e
722,https://hamrobazaar.com/for-sale-house/25-talle-3-anna-build-new-house-sale-at-nakhipot-in-lalitpur/2b4599dceb674153a9eb4bfbd5c909c3
723,https://hamrobazaar.com/for-sale-house/samakhusi-new-house-in-nepal/e6cf6e6c3c244fe091101795a46e6b0d
724,https://hamrobazaar.com/for-sale-house/house-on-sale-on-chabahil-in-kathmandu/4f66a9868d3a44c0b06fc75a59bc3b66
725,https://hamrobazaar.com/for-sale-house/ghar-ko-mulaya-navko-ghar-bkri-ma-at-sanepa-in-nepal/f62cad5140df43eeaf1c9e4528c16b2c
726,https://hamrobazaar.com/for-sale-house/house-on-sale-at-wasik-in-kathmandu/483ec6561cec499da64c7b5110bb3743
727,https://hamrobazaar.com/for-sale-house/imadol-cozy-homes-highway-najeek-in-nepal/9acd70de133d4a72a7528348c7d6b00a
728,https://hamrobazaar.com/for-sale-house/imadol-shital-height-highway-najeek-in-nepal/9fa2e27264184228bd59ec7452e86fd5
729,https://hamrobazaar.com/for-sale-house/for-sell-house-in-kathmandu/37a3eaeb2f05491ebf017ad6f5fe7d85
730,https://hamrobazaar.com/for-sale-house/kalimati-ma-5-tale-ghar-in-nepal/74f3fd09dc4a46dfa7e68a028f78265e
731,https://hamrobazaar.com/for-sale-house/brand-new-house-for-sell-in-lalitpur/4d618e56e50a49ecb92e96d30c0d4abd
732,https://hamrobazaar.com/for-sale-house/booking-stage-in-nepal/fe303fd9fc284575b538554af394acec
733,https://hamrobazaar.com/for-sale-house/house-on-sale-at-chabahil-in-kathmandu/bf4eb9f68053404bb0217b00cf80eeb0
734,https://hamrobazaar.com/for-sale-house/house-for-sale-at-bistachap-godawari-in-nepal/379ad3c972524d8ba8828c727a429cc6
735,https://hamrobazaar.com/for-sale-house/house-on-sale-near-crs-tokha-road-in-kathmandu/c6ee01c157644a0f9079f404e762a5e4
736,https://hamrobazaar.com/for-sale-house/lokanthali-bigmart-najik-71anna-ghar-bikrima-in-bhaktapur/f3f3a02dcd2e4985b98b03b38491213b
737,https://hamrobazaar.com/for-sale-house/for-sale-flat-system-house-in-jorpati-in-kathmandu/8daa563e49e1412e80f49d378673b59f
738,https://hamrobazaar.com/for-sale-house/house-on-sale-manmaiju-in-kathmandu/c1a47c1720b14043bed2cca00d28083f
739,https://hamrobazaar.com/for-sale-house/house-for-sale-in-thankot-in-kathmandu/f29c4b57e3e441c1ad0c0658061232f9
740,https://hamrobazaar.com/for-sale-house/bungalow-for-sale-in-kathmandu/959ee41f75294afa89ae626a22c51898
741,https://hamrobazaar.com/for-sale-house/house-on-sale-at-hattigauda-in-kathmandu/a06d596bd8594406b6fe49d32b264272
742,https://hamrobazaar.com/for-sale-house/brihat-community-living-ramkot-29-as-in-kathmandu/1253904622cc43d7a2bb3bb9c609a1e5
743,https://hamrobazaar.com/for-sale-house/residential-house-on-sale-at-golfutar-santa-colony-in-kathmandu/765953ca8fb844e5ba123e5be46953bd
744,https://hamrobazaar.com/for-sale-house/imadol-w-bhatta-nayabasti-in-nepal/2ea531a2d6474c2aae50f251f5812026
745,https://hamrobazaar.com/for-sale-house/house-for-sale-at-galkopakha-mani-road-samakhusi-in-kathmandu/a33a06cabfae4f549eaee5a487cb5782
746,https://hamrobazaar.com/for-sale-house/house-on-sell-pokhara-14-majeri-patan-in-kaski/14b0564c0b214e188d368a2e65e2dcde
747,https://hamrobazaar.com/for-sale-house/house-for-sale-in-mandikatar-kathmandu-in-bara/1b9890af766e462599a1d8c5f7df6b57
748,https://hamrobazaar.com/for-sale-house/bhaisipati-house-for-sale-in-lalitpur/306ad71d2e6141f093699dc2cec3d3e5
749,https://hamrobazaar.com/for-sale-house/baluwatar-13-ana-land-on-sale-with-old-bungalow-in-kathmandu/8b6caa0ff03c450a973c4d07fad212aa
750,https://hamrobazaar.com/for-sale-house/house-on-sale-at-tikathali-nearby-petrol-pumb-in-lalitpur/cfeeacad7cb34e70b78fffeba73f9309
751,https://hamrobazaar.com/for-sale-house/house-for-sale-at-harisidhhi-lalitpur-in-lalitpur/f716687ec9af475c949facb19c645526
752,https://hamrobazaar.com/for-sale-house/house-on-sale-semi-bangla-hepali-in-nepal/24b23017d8274eca958b6824eefc4d15
753,https://hamrobazaar.com/for-sale-house/8-aanaa-land-with-free-house-tripureshwar-on-sale-in-nepal/e1ee0a28df124699b207e92dd756d540
754,https://hamrobazaar.com/for-sale-house/bungolow-house-for-sale-at-budhanilkantha-ktm-in-kathmandu/c38a11ab44124b2abac4d118fa6594aa
755,https://hamrobazaar.com/for-sale-house/house-for-sale-at-imadol-tikathali-in-lalitpur/cd8327b5aa0740498801d943acf921ec
756,https://hamrobazaar.com/for-sale-house/house-on-sale-dharmasthali-in-kathmandu/a80a8c1ecf554c289bd29ba14885a779
757,https://hamrobazaar.com/for-sale-house/house-on-sale-in-lalitpur/3383e58ba80743f993d20b7746041888
758,https://hamrobazaar.com/for-sale-house/imadol-luvu-don-bosco-school-najeek-in-nepal/8356ea1a1fe44dba857f12f40c87a420
759,https://hamrobazaar.com/for-sale-house/new-house-in-kathmandu/a8fbf725a21d4b0a9ee65d2c71d53e32
760,https://hamrobazaar.com/for-sale-house/for-sale-6bhk-house-in-imadol-lalitpur-in-lalitpur/a4bd821f61824e6f9da7025fe910861c
761,https://hamrobazaar.com/for-sale-house/house-for-sale-in-nepal/b957406300a74045b38ca91efec95fd6
762,https://hamrobazaar.com/for-sale-house/residential-house-on-sale-in-kathmandu/2fb820964f08457984780c888f55e794
763,https://hamrobazaar.com/for-sale-house/house-on-sale-near-green-hill-city-jorpati-in-kathmandu/c3b5c754766447198d19f71649ab38bb
764,https://hamrobazaar.com/for-sale-house/house-on-sale-godawari-in-lalitpur/39ab7a09d0b14495843acc34afa280dc
765,https://hamrobazaar.com/for-sale-house/house-for-sale-gairedhara-5-anna6-cr-in-nepal/fe27bbd23a014ee8884db286eeebce7e
766,https://hamrobazaar.com/for-sale-house/ghar-in-kathmandu-in-nepal/97877e1888a04f1e94c0fb297cd9b6c8
767,https://hamrobazaar.com/for-sale-house/urgently-needed-house-in-baluwatar-lazimpat-naxal-in-kathmandu/f10c51e827184572bc7dd93b43bc93fa
768,https://hamrobazaar.com/for-sale-house/house-on-sale-at-budanilkanthta-in-kathmandu/4c2c3df4c49c44bc8ceb9d1f9f8b801a
769,https://hamrobazaar.com/for-sale-house/5-aanahouse-for-sale-vallypublic-budhanilkantha-in-nepal/eb8e79accea142eda8742500410c4f44
770,https://hamrobazaar.com/for-sale-house/house-on-sale-in-nepal/be4c2aab04b340a1a77c29caac2897ef
771,https://hamrobazaar.com/for-sale-house/trust-house-for-sale-at-gokul-awash-in-nepal/b7955c31f59244d6bccfa75221d2c71e
772,https://hamrobazaar.com/for-sale-house/house-on-sale-at-basundhara-in-kathmandu/33247d867da34809bd96cab186b73a94
773,https://hamrobazaar.com/for-sale-house/for-sale-flat-sys-house-at-bhangal-in-kathmandu/b31d3208869d4b8dae680900215109d3
774,https://hamrobazaar.com/for-sale-house/house-for-sale-at-matatirtha-chandragiri-a55-in-kathmandu/a546671b2eb245fda409db7d471a7206
775,https://hamrobazaar.com/for-sale-house/forceparkkadaghari-in-kathmandu/2d7ed1a3c73040a188063c7b879f8a1f
776,https://hamrobazaar.com/for-sale-house/house-on-sale-at-ganesh-chowk-in-kathmandu/22afd46d6ab64835a683d061cb7da3fc
777,https://hamrobazaar.com/for-sale-house/imadol-shital-height-prime-location-in-nepal/975a6aaf91b14b2189e86a47ec8e79e4
778,https://hamrobazaar.com/for-sale-house/house-on-sale-at-budhanilkantha-in-kathmandu/f9c26f0f6d564b4ab2e2b49f1ca5c2bf
779,https://hamrobazaar.com/for-sale-house/house-on-sale-rs-21000000-in-lalitpur/e737d7c34a2d42bf98a1434ea827aa6b
780,https://hamrobazaar.com/for-sale-house/house-on-sale-at-ramkot-in-kathmandu/71ef82b685c94e3cb03eacb915165681
781,https://hamrobazaar.com/for-sale-house/semi-commercial-house-for-sale-in-nepal/9ef6d7a3f1d34eaf944bddeb2c92913e
782,https://hamrobazaar.com/for-sale-house/hepali-height-house-on-sale-semi-bungla-in-nepal/ba4e6b823e4246bc9b53a8fc22c71c31
783,https://hamrobazaar.com/for-sale-house/house-for-sale-at-sanepa-in-lalitpur/e7fbdecf8bd94214b7735193b02f43e3
784,https://hamrobazaar.com/for-sale-house/house-on-sale-at-budhanilkantha-in-kathmandu/eaf1ad64c8414ce4a9d704b9525bcecc
785,https://hamrobazaar.com/for-sale-house/beautiful-house-in-hetauda-in-nepal/6038bc4df2c24c39b82523f93e466469
786,https://hamrobazaar.com/for-sale-house/imadol-nayabasti-swimming-pool-in-nepal/812c0efa568d48d4be14af0e788fcc16
787,https://hamrobazaar.com/for-sale-house/house-on-sale-bangal-in-kathmandu/838be8121bbc4f379e5036c157fc469c
788,https://hamrobazaar.com/for-sale-house/fullfurnished-bungalow-on-sale-battisputali-in-nepal/2443a6b545a4470082b5b276bb06397d
789,https://hamrobazaar.com/for-sale-house/godawari-4-aana-house-in-lalitpur/c7f196b363ea4773a3926f2973e5a036
790,https://hamrobazaar.com/for-sale-house/a-residential-house-for-sale-at-koteshwor-kathma-in-kathmandu/448c889beaa14732894c64f221490d3a
791,https://hamrobazaar.com/for-sale-house/house-on-sale-at-sanchal-sanepa-in-lalitpur/5b5a5606a73e4114b7a698a78919d8f2
792,https://hamrobazaar.com/for-sale-house/luxury-house-and-land-for-sale-in-budhanilkantha-in-kathmandu/7e7b1a899c8547ee9b55f9d949076899
793,https://hamrobazaar.com/for-sale-house/house-on-sale-at-budhanilkantha-brand-new-in-kathmandu/163d978240054f67a265ab8d3fb89c99
794,https://hamrobazaar.com/for-sale-house/imadol-ochu-height-highway-najeek-in-nepal/527570d9c9594ce2a9238f74462921ab
795,https://hamrobazaar.com/for-sale-house/in-nepal/fa0c8ec2fe344fd2a9d29fde0c317bd0
796,https://hamrobazaar.com/for-sale-house/house-on-sale-at-chappal-karkhana-in-bara/d97e437a49954ebaa5d0a78b170cafe2
797,https://hamrobazaar.com/for-sale-house/house-for-sale-in-lalitpur/1fe6ad36e47442f0a33bb52ce4bf7d33
798,https://hamrobazaar.com/for-sale-house/house-for-sale-at-raniban-near-micropark-in-kathmandu/99a11154d5114a6b95afbb91056c24aa
799,https://hamrobazaar.com/for-sale-house/house-on-sale-at-imadol-in-nepal/f091d7775b1f45568a5e9827f8ec56c4
800,https://hamrobazaar.com/for-sale-house/house-on-sale-in-nepal/b02cf521b6f34eb9a1f4edd2eb52eac8
801,https://hamrobazaar.com/for-sale-house/house-for-sale-at-bansbari-in-kathmandu/ffc09e14b26d465f892539290df94ab5
802,https://hamrobazaar.com/for-sale-house/house-on-sale-at-lubhu-lalitpur-in-lalitpur/c1e2aced818e467c98fe65bd9fb3598a
803,https://hamrobazaar.com/for-sale-house/apartment-building-in-kathmandu/711041a7bb2e429d8f3455110fea8639
804,https://hamrobazaar.com/for-sale-house/house-for-sale-at-narayanthan-in-kathmandu/beb4966e60a6427db8ef2611206adee8
805,https://hamrobazaar.com/for-sale-house/7bhk-bunglow-house-on-sale-at-bhaisepati-in-nepal/d19484dd298c4e81b10a01ad5399af47
806,https://hamrobazaar.com/for-sale-house/house-on-sale-bungla-in-nepal/f06331bbd4f7435b84f01068070971dd
807,https://hamrobazaar.com/for-sale-house/house-for-sale-at-chundavi-in-kathmandu/3b02992a2c2f4967bd187b5d8a4b6470
808,https://hamrobazaar.com/for-sale-house/sale-on-new-house-in-raniban-area-in-kathmandu/f7cc3beaa74b4562a413d3a999d67154
809,https://hamrobazaar.com/for-sale-house/house-on-sale-at-tokha-near-grande-hospital-in-kathmandu/0a4783c2f38d41c1a9106eea0a9d9b86
810,https://hamrobazaar.com/for-sale-house/ghar-bikri-ma-at-tripureshwar-in-nepal/27a2b8de7a014a4f8f13b8cb1066ab63
811,https://hamrobazaar.com/for-sale-house/beautiful-lavish-residential-house-for-sale-in-nepal/20d70d20b0bd49a6b728a360e2f2fe95
812,https://hamrobazaar.com/for-sale-house/sitapaila-bafal-in-kathmandu/fcf9e1183ca8431ca578d401c4e6560c
813,https://hamrobazaar.com/for-sale-house/house-for-sale-at-dulhari-highway-in-morang/5cfe559df31a458baaf7732ca578843d
814,https://hamrobazaar.com/for-sale-house/naya-baneshwor-ma-4-aana-ma-baneko-ghar-bikre-ma-in-kathmandu/ec6822ca0a154ed49a3bbe3255df94ba
815,https://hamrobazaar.com/for-sale-house/imadol-tikathali-bojeypokhari-in-nepal/fba7f47e4de4416aba85cf535ffd2428
816,https://hamrobazaar.com/for-sale-house/house-for-sale-at-budhanilkantha-in-kathmandu/d05956a40fbd46c8bbc8afc2aadd3824
817,https://hamrobazaar.com/for-sale-house/house-for-sale-sukedhara-in-nepal/d742e3b2a13513c3555f17b0caa7a17e
818,https://hamrobazaar.com/for-sale-house/business-complex-in-kaski/e500682bee914419b772f45cca96801d
819,https://hamrobazaar.com/for-sale-house/modern-stylish-house-sale-at-hattiban-in-lalitpur/ca8917a9cf9d47e18c6409081d6046a0
820,https://hamrobazaar.com/for-sale-house/house-on-sale-at-budanilkantha-in-kathmandu/74697ce73be14ac4b6175000deb9c438
821,https://hamrobazaar.com/for-sale-house/34ana-house-for-sale-at-budhanilkantha-deuwa-area-in-kathmandu/825f828ef98345bbafab891ed6778a81
822,https://hamrobazaar.com/for-sale-house/new-bungalow-house-for-sale-at-budhanilkantha-in-nepal/9427720dd0e340f7809a9318a6c991ee
823,https://hamrobazaar.com/for-sale-house/house-on-sale-dakshinkali-mandir-lazimpat-in-kathmandu/1f416407cce3426f99be34ddae8fa00a
824,https://hamrobazaar.com/for-sale-house/house-for-sale-basundharkathmandu-in-nepal/48d3a19cbfb24a07ab2155e065a53a7e
825,https://hamrobazaar.com/for-sale-house/house-for-sale-at-kuleswor-height-visit-for-free-in-nepal/60c1b23e7c3044a0929b6a3e9e21dcce
826,https://hamrobazaar.com/for-sale-house/premium-plot-at-brihat-community-living-for-sale-in-kathmandu/e75df28cdf534c598b23130491fb9775
827,https://hamrobazaar.com/for-sale-house/for-sale-house-in-nepal/57aa34100b48409d8415814af033eee2
828,https://hamrobazaar.com/for-sale-house/bunglow-house-for-sale-at-chundevi-maharajgunjkt-in-kathmandu/28504487cf304837b3b39a1ad7d00afa
829,https://hamrobazaar.com/for-sale-house/house-for-sale-at-awas-chetra-bhaisepati-in-lalitpur/bd9482230a9c486e89ad18e3026c4f48
830,https://hamrobazaar.com/for-sale-house/new-brand-house-on-sale-in-nepal/87dab6f80b534e4dac880141e111da3e
831,https://hamrobazaar.com/for-sale-house/house-on-sale-ansari-chowk-imadol-in-lalitpur/d8c3c41cd8c040539939a87048838b0e
832,https://hamrobazaar.com/for-sale-house/beautiful-and-quality-home-for-sale-in-lalitpur/9ec8aafbd4464806a0d11a94b0201430
833,https://hamrobazaar.com/for-sale-house/house-in-kathmandu/1fdc5d2995fc4dfe8fe0119189045b2c
834,https://hamrobazaar.com/for-sale-house/12-aana-house-for-sale-at-budhanilkantha-hattigaud-in-kathmandu/494658db38da44e59def28bc1b894684
835,https://hamrobazaar.com/for-sale-house/house-for-sale-in-nepal/4087b4d8a7a54fa2b7d737997243a9d4
836,https://hamrobazaar.com/for-sale-house/house-on-sale-at-grande-villa-housing-in-kathmandu/9070a35ce5fc43b39db4e318c3b6c9c5
837,https://hamrobazaar.com/for-sale-house/lubhu-6-aana-wid-house-on-sale-6-km-gwarkho-in-nepal/05d502a3f0124a049df659c6024ce8f5
838,https://hamrobazaar.com/for-sale-house/in-kathmandu/aa0983c5c8434d2bb02a17f5199a3246
839,https://hamrobazaar.com/for-sale-house/6-aanaako-4-talle-ghar-on-sale-naxal-in-nepal/2a54a15dcac64ee0a87fad2d9dd54e46
840,https://hamrobazaar.com/for-sale-house/brand-new-house-on-sell-hattiban-in-nepal/5e461f46b3464a0f9de526ae77e67374
841,https://hamrobazaar.com/for-sale-house/house-on-sale-at-budanilkantha-in-kathmandu/ceb0d79f73cd4ffd8b0552d0a1a83e0a
842,https://hamrobazaar.com/for-sale-house/house-for-salepasikot-budhanilkanntha-in-nepal/514aeb424885412d99c15fbf41a04f2f
843,https://hamrobazaar.com/for-sale-house/beautiful-house-for-sale-at-chandragiri-kathmandu-in-kathmandu/2eb5f2bc717445abb2d0aca3fc09ede3
844,https://hamrobazaar.com/for-sale-house/house-on-sale-in-budhanilkantha-pasikot-in-kathmandu/71283bb6076e4f68af161fe99505dff3
845,https://hamrobazaar.com/for-sale-house/house-for-sale-in-kathmandu/f5da7181cf904811b861cea871361d95
846,https://hamrobazaar.com/for-sale-house/in-lalitpur/c5e92f7586d0c9f8bab3414082239e28
847,https://hamrobazaar.com/for-sale-house/budhanilkantha-bhangal-3-floor-new-house-for-sale-in-kathmandu/10b53a8f8b124dabba4e3abe184c0e9b
848,https://hamrobazaar.com/for-sale-house/imadol-ochu-height-shital-height-in-nepal/7efa44136424449ea20fecb7fbc05b1b
849,https://hamrobazaar.com/for-sale-house/house-on-sale-at-sital-height-in-lalitpur/e2df07cfdbfe44918ee94a40d5018d02
850,https://hamrobazaar.com/for-sale-house/house-on-sale-at-down-golfutar-in-kathmandu/07feef57c6c948c1be5c1d5951b84a52
851,https://hamrobazaar.com/for-sale-house/house-on-sale-at-budhanilkantha-deubachowk-in-kathmandu/42ccfb234f934b37a7bf6ba92b47fc5a
852,https://hamrobazaar.com/for-sale-house/house-for-sale-in-kumaripati-lalitpur-in-lalitpur/3e82597988de46318fc5c1610f9d8fb3
853,https://hamrobazaar.com/for-sale-house/house-in-sale-at-yekata-basti-kathmandu-in-kathmandu/02943b7383304087ae70a03c69ccf280
854,https://hamrobazaar.com/for-sale-house/house-for-sale-in-kathmandu/0f94a2c5ddf245a9a6c863010c82f575
855,https://hamrobazaar.com/for-sale-house/25-560-in-nepal/9d4fff5d9ae64a3ab64d164f141d8827
856,https://hamrobazaar.com/for-sale-house/budanilkantha-bungalow-ganesh-chock-9863601881-in-kathmandu/8c6a371a52da4f41bf71bfba05f88141
857,https://hamrobazaar.com/for-sale-house/new-house-for-sale-at-satdobato-near-salesbary-in-lalitpur/f1c941e60d3f4fa08a0c615a660404c5
858,https://hamrobazaar.com/for-sale-house/for-sale-house-in-nepal/f3d853e8c86a4668ba9305fd003135c6
859,https://hamrobazaar.com/for-sale-house/bungalow-on-sale-in-lalitpur/47fd822c2381415fadb3d4861cee65a1
860,https://hamrobazaar.com/for-sale-house/house-on-sale-in-nepal/498a44a054c244988a06abf3df34caec
861,https://hamrobazaar.com/for-sale-house/house-sale-in-kathmandu/1be883c9f2db4841aa93ac0e51d02c5a
862,https://hamrobazaar.com/for-sale-house/house-on-sale-in-kathmandu/22b9b20c1cc048b69a9731cfc6902dc2
863,https://hamrobazaar.com/for-sale-house/house-on-sale-at-sampang-chowk-code-no-gjbhos-3389-in-lalitpur/9cd51ed8d53b49fa901e89e9fc421987
864,https://hamrobazaar.com/for-sale-house/house-for-sale-gangabu-325-lakhs-in-nepal/e0b8974164774d8aa19c890588b8855c
865,https://hamrobazaar.com/for-sale-house/beautiful-residential-house-on-sale-at-nagarjun-in-nepal/7cce804377e341cbbe1f8ad9c3d258a0
866,https://hamrobazaar.com/for-sale-house/house-on-sale-gusingal-sanepa-in-lalitpur/c18c514432c84d7f812df793e325954a
867,https://hamrobazaar.com/for-sale-house/in-nepal/f1627dd3606646bc800f4c54033a59df
868,https://hamrobazaar.com/for-sale-house/fully-furnished-house-on-sale-in-sano-thimi-in-bhaktapur/d8a6593e401d43358143a56984c5c34f
869,https://hamrobazaar.com/for-sale-house/14-ana-land-on-sale-in-chapali-in-kathmandu/8aa0d8d76a674f3c8bffa2de892cf8a0
870,https://hamrobazaar.com/for-sale-house/house-on-sale-sanepa-in-lalitpur/53926c1727c34c44b8e1e1c51664add8
871,https://hamrobazaar.com/for-sale-house/house-on-sale-in-kathmandu/b3a74a2f036f490cb629203ceec01bb4
872,https://hamrobazaar.com/for-sale-house/house-on-sale-ochu-height-imadol-in-lalitpur/18cbfc27e86e476fbf86c671d944c3b9
873,https://hamrobazaar.com/for-sale-house/nakkhipot-house-in-lalitpur/3745deae2ac44d5abc720609e7e3f16f
874,https://hamrobazaar.com/for-sale-house/brand-new-house-on-sale-at-gamcha-bhaktapur-in-bhaktapur/35acc8e5eaf5425298b15fecadee9ce1
875,https://hamrobazaar.com/for-sale-house/brand-new-house-for-sale-at-sanepa-lalitpur-in-lalitpur/11c015e98165444bacd0d434f0a43f63
876,https://hamrobazaar.com/for-sale-house/amazing-bungalow-in-budhanilakantha-for-sale-in-kathmandu/1da74347ae184c30ac0e96c971e4d156
877,https://hamrobazaar.com/for-sale-house/house-for-sale-at-bhatbhotani-dhalko-in-kathmandu/f6080376edec40b9a056050d839b4062
878,https://hamrobazaar.com/for-sale-house/house-on-sale-at-gothatar-in-kathmandu/4667ca3e45bf43bb9956470a42b2c6b5
879,https://hamrobazaar.com/for-sale-house/bunglow-on-sale-at-dhapasi-in-kathmandu/b5b6cfef3df04ffeb83967259a179376
880,https://hamrobazaar.com/for-sale-house/house-on-sale-at-maharajgunj-kanti-in-kathmandu/84f83a6c5df94609acca2528a40c5f09
881,https://hamrobazaar.com/for-sale-house/house-for-sale-at-budhanilkantha-ganesh-chowk-in-kathmandu/daca52ae3de84721ad0d7d961a359b65
882,https://hamrobazaar.com/for-sale-house/beautiful-house-on-sale-at-rudreshwor-narayanthan-in-nepal/b8cc89511bc8406184100ba80eede54b
883,https://hamrobazaar.com/for-sale-house/house-on-sale-at-pasikot-budhanilkantha-in-nepal/aee8b99023124ea2bf89fdd03a5c6e27
884,https://hamrobazaar.com/for-sale-house/urgent-thankot-chandragiri-near-3-oda-no-office-in-nepal/3dd0d05844204b40a7ec3d1ccc550c2b
885,https://hamrobazaar.com/for-sale-house/house-for-sale-in-chamati-town-planning-350-cr-in-kathmandu/9afaf6b4747141d4b5db2be1868952fc
886,https://hamrobazaar.com/for-sale-house/11-aana-wid-house-at-battisputali-on-sale-in-kathmandu/bf9832f254b444ba85e5a1580cf58f8e
887,https://hamrobazaar.com/for-sale-house/imadol-shital-height-downtown-in-nepal/6ab020535aea4bcda227fe212a3c32fa
888,https://hamrobazaar.com/for-sale-house/house-on-sale-at-kapan-in-kathmandu/6516cf832ff54813b772c7f7ee850719
889,https://hamrobazaar.com/for-sale-house/house-for-sale-at-hattigauda-budhanilkantha-in-kathmandu/581f663bb3574bacb760fccee85f2c30
890,https://hamrobazaar.com/for-sale-house/house-for-sale-at-khumaltar-lalitpur-in-lalitpur/c4620ac0299e4ba59d1b758de952392b
891,https://hamrobazaar.com/for-sale-house/house-for-sale-in-morang/57081228b47e4415add175226209497d
892,https://hamrobazaar.com/for-sale-house/in-nepal/4e9861a3ccb6f374a92ce17946dcaa06
893,https://hamrobazaar.com/for-sale-house/tikathali-naya-ghar-bikrima-321aana-in-lalitpur/830799d631ab4369bd8690f015ee9711
894,https://hamrobazaar.com/for-sale-house/house-on-sale-at-budhanilkhantha-in-nepal/3c73b1fe03f846b9a147fc18f6811a10
895,https://hamrobazaar.com/for-sale-house/house-for-sale-bafal-matadevi-petrol-pump-bata-1-in-kathmandu/6526de0399e945c89de4705188fd84c8
896,https://hamrobazaar.com/for-sale-house/kalanki-ko-ghar-bikri-ma-in-kathmandu/8cca2844651a473aae88f62b3ba324a4
897,https://hamrobazaar.com/for-sale-house/house-on-sale-at-kirtipur-in-kathmandu/01fb30f9a4634c3097ed8f9e960ef960
898,https://hamrobazaar.com/for-sale-house/house-on-sale-in-rupandehi/2550c046fdb94c7b8339004c88b84218
899,https://hamrobazaar.com/for-sale-house/in-nepal/04f283c5454045c38ed7d6f1e0ee7d98
900,https://hamrobazaar.com/for-sale-house/basghari-ma-6-aana-ma-baneko-bungalow-bikrima-in-kathmandu/03f30f96857a47bb95c77d7d1c839e81
901,https://hamrobazaar.com/for-sale-house/bungalow-for-sale-at-sanepa-in-lalitpur/3cc2ae0b0c844fff86dc71ab931a952e
902,https://hamrobazaar.com/for-sale-house/45-ana-land-25-storied-house-on-sale-mandikhatar-in-bara/a9bf1238ff8e49d388e24815d5545ab7
903,https://hamrobazaar.com/for-sale-house/tikathali-lalitpur-ma-ghar-bikri-ma-in-nepal/a18af212d4c244419ceb91375d753bf7
904,https://hamrobazaar.com/for-sale-house/residential-house-on-sale-at-imadol-in-lalitpur/cb0647dd2a5a42728e30a3972d5502b3
905,https://hamrobazaar.com/for-sale-house/sanogau-3-in-lalitpur/b089b4827eb14c028e02329565c5ea6f
906,https://hamrobazaar.com/for-sale-house/in-nepal/08a2adafec754b548ed543a1d591d619
907,https://hamrobazaar.com/for-sale-house/house-on-sale-at-shankhamul-in-kathmandu/aa7ea4462f634f7c9414f3d80f823419
908,https://hamrobazaar.com/for-sale-house/house-on-sale-at-imadol-in-lalitpur/4022fba2b20447ed9c6c61686ab619b8
909,https://hamrobazaar.com/for-sale-house/house-sale-at-gumti-kumari-marg-baneshwor-in-kathmandu/66f8748590da4b04be888bdc71054906
910,https://hamrobazaar.com/for-sale-house/house-on-sale-at-budalinkantha-kathmandu-in-kathmandu/7d034b37e5794dc381868d1454823810
911,https://hamrobazaar.com/for-sale-house/attractive-bungalow-on-sell-in-lalitpur/62d472ec08d24e3d98cec16292835129
912,https://hamrobazaar.com/for-sale-house/32-ana-house-for-sale-at-budhanilkantha-pasikot-in-kathmandu/fd4b176192a04655bfc424fca41d1d46
913,https://hamrobazaar.com/for-sale-house/beautiful-house-on-sale-satdobato-swimming-pool-in-nepal/0fe7b35ce3684a4bbfab85bc38db1984
914,https://hamrobazaar.com/for-sale-house/house-on-sale-thulo-bharyang-in-kathmandu/cfd79d6de0a049a882ca3c08ab0160e5
915,https://hamrobazaar.com/for-sale-house/house-on-sale-or-exchange-with-lands-in-lubhu-in-lalitpur/3bffd1c696154e52b77ab06af14eec30
916,https://hamrobazaar.com/for-sale-house/house-on-sale-harhar-mahadev-near-nepal-transport-in-kathmandu/c74ec011b170467b803d01c228433381
917,https://hamrobazaar.com/for-sale-house/in-nepal/649d19f53f914e039c483df85c7b4dd9
918,https://hamrobazaar.com/for-sale-house/newly-built-beautiful-strong-house-on-sale-in-lalitpur/3c65a40ee9c04cbf929dc328bcc1d792
919,https://hamrobazaar.com/for-sale-house/house-for-sale-in-thamel-near-chhaya-center-in-kathmandu/dea9a6a81b984679b35ccf9ba608b6d6
920,https://hamrobazaar.com/for-sale-house/realstate-in-kathmandu/7a90c65468db43e0ad3562b5c43865b8
921,https://hamrobazaar.com/for-sale-house/baneshwor-banglow-for-sale-in-kathmandu/f1d8743580e54ee88836de35851467a8
922,https://hamrobazaar.com/for-sale-house/5-aana-two-side-road-baluwatar-house-open-all-side-in-kathmandu/7024022bd36640ba94e8c5c4f0bf4867
923,https://hamrobazaar.com/for-sale-house/43-in-nepal/8e29462082cf4eda95ef85ad9a421b68
924,https://hamrobazaar.com/for-sale-house/imadol-rajkulo-beatiful-house-on-sale-in-nepal/1bc8f30974dc440ca1fffe27834c84cb
925,https://hamrobazaar.com/for-sale-house/imadol-gwarko-kist-hospital-najeek-in-nepal/de0804497c35448bb894f3ba7b5629fe
926,https://hamrobazaar.com/for-sale-house/imadol-shital-height-tampo-park-in-nepal/7e05b6db726b48478e295fd31c9875ea
927,https://hamrobazaar.com/for-sale-house/sale-urgent-house-in-new-naikap-kathmandu-in-kathmandu/355a92ff4fa34eecab3547fe837afd89
928,https://hamrobazaar.com/for-sale-house/house-for-sale-in-imadol-in-nepal/d944e9c220614bcc964ace25bda28ebc
929,https://hamrobazaar.com/for-sale-house/in-kathmandu/fd2b5bccf9de425cbc55ac90055ce786
930,https://hamrobazaar.com/for-sale-house/house-on-sale-at-bhaktapur-in-bhaktapur/979f7b9e78f84a8d91d748a998aaaa3a
931,https://hamrobazaar.com/for-sale-house/hotel-on-sale-in-bhairahawa-just-opposite-to-buspark-in-rupandehi/a9dd55b7153744afa5c8ed320c640485
932,https://hamrobazaar.com/for-sale-house/commercial-property-for-sale-at-dillibazar-in-kathmandu/ad970b202ebc4662b52b0655d895c069
933,https://hamrobazaar.com/for-sale-house/house-on-sale-at-bouddha-jorapati-ktm-in-nepal/0fc0a88cd8b84048aba4a2c4a80b80e9
934,https://hamrobazaar.com/for-sale-house/house-semi-bunglaw4-sale-in-nepal/51124c6d0e5d43b983615bd53ccec0e7
935,https://hamrobazaar.com/for-sale-house/beautiful-house-on-sale-at-chabahil-kumarikal-in-kathmandu/b961d72f5f0d49d4b926bc00e6ace5e0
936,https://hamrobazaar.com/for-sale-house/4-aana-land-semi-commercial-house-sale-in-kathmandu/1acaf7251cc14052b2c9a5beb272a57a
937,https://hamrobazaar.com/for-sale-house/house-for-sale-at-bansbari-golfutar-in-kathmandu/33f23e4f33d54e1ebd4a70f8fb4297ff
938,https://hamrobazaar.com/for-sale-house/sasto-ghar-bikri-ma-in-lalitpur/8d89c5b3e9e34917998d79613d41360c
939,https://hamrobazaar.com/for-sale-house/5aana-brand-new-house-for-sale-at-budhanilkantha-in-kathmandu/5394d16e9e094b2288c53bbca31e15be
940,https://hamrobazaar.com/for-sale-house/house-for-sale-in-kathmandu/9ce438fd9fb24a3e81e2bb00962fc981
941,https://hamrobazaar.com/for-sale-house/house-on-sale-at-baluwatar-in-kathmandu/dda0734ea4e343dcba6391ec68b5439e
942,https://hamrobazaar.com/for-sale-house/sasto-ghar-in-kathmandu/fabc324e0b3d4ed9acf42ab770276547
943,https://hamrobazaar.com/for-sale-house/house-for-sale-at-samakhasi-in-kathmandu/1d1a0698457345fdb6b73de409adde00
944,https://hamrobazaar.com/for-sale-house/villa-in-lalitpur/baacb63a7bc7425c8524625174fbb650
945,https://hamrobazaar.com/for-sale-house/14-aana-land-with-bonglow-chhapalkarkhana-in-bara/a0107414945341ec9b38e884ee466919
946,https://hamrobazaar.com/for-sale-house/1-storey-houses-on-sale-in-lalitpur/457ef42229ec4b6493106fdab47c4335
947,https://hamrobazaar.com/for-sale-house/house-on-sale-in-nepal/9f156af3a73e4b83b13bd3d89ac3190a
948,https://hamrobazaar.com/for-sale-house/house-on-sale-at-gothatar-nearby-ram-mandir-in-kathmandu/e0dfa0c6707647b18b0bfdd6b213f1ba
949,https://hamrobazaar.com/for-sale-house/newly-built-house-in-sale-at-budhanilkantha-in-nepal/76e946a602864dce88b81baa6f6dc95a
950,https://hamrobazaar.com/for-sale-house/hotel-for-sale-in-lukla-in-solukhumbu/1d766682d249452d87e7f1af1c428d50
951,https://hamrobazaar.com/for-sale-house/fresh-bungalow-house-sale-in-dhapasi-height-hepali-in-kathmandu/9b60931a989e4408babf530e6b96acaa
952,https://hamrobazaar.com/for-sale-house/17-aana-land-with-house-on-sale-in-kathmandu/b887be0f6b154732970343bae83d8abc
953,https://hamrobazaar.com/for-sale-house/house-on-sale-in-kathmandu/71cd2ef44ef6410a842a556a77966e4f
954,https://hamrobazaar.com/for-sale-house/house-for-sale-in-maharajgunj-in-kathmandu/52b38081144c48ecb965be8abf419dda
955,https://hamrobazaar.com/for-sale-house/for-sell-house-in-nepal/5343266fe732418ba2660db97de5b7d6
956,https://hamrobazaar.com/for-sale-house/imadol-bojeypokhari-highway-najeek-in-nepal/fed44b6163ba4ee4a738f469bb7bf4e2
957,https://hamrobazaar.com/for-sale-house/house-on-sale-at-bouddha-jorpati-in-nepal/58dade84a26b4c638edcdc3e2acb75b8
